case_id,case_family,true_continuation,artifact_similarity,task_progression,temporal_proximity,behavioral_similarity,independent_corroboration,evidence_current,baseline_linked,baseline_score,false_positive,false_negative,counterexample
RM-0001,benign_same_domain,False,0.802,0.345,0.263,0.747,0.197,True,False,0.5271,False,False,False
RM-0002,benign_same_domain,False,0.548,0.354,0.48,0.367,0.232,True,False,0.4323,False,False,False
RM-0003,benign_same_domain,False,0.553,0.465,0.596,0.66,0.021,True,False,0.5014,False,False,False
RM-0004,benign_same_domain,False,0.785,0.56,0.46,0.32,0.073,True,False,0.5362,False,False,False
RM-0005,true_continuation,True,0.946,0.732,0.917,0.789,0.948,True,True,0.8676,False,False,False
RM-0006,ambiguous,False,0.882,0.648,0.571,0.57,0.427,True,True,0.6807,True,False,True
RM-0007,ambiguous,False,0.451,0.508,0.457,0.792,0.338,True,False,0.5022,False,False,False
RM-0008,benign_same_domain,False,0.495,0.617,0.676,0.428,0.218,False,False,0.5198,False,False,False
RM-0009,benign_same_domain,False,0.456,0.578,0.485,0.506,0.247,True,False,0.4766,False,False,False
RM-0010,ambiguous,False,0.79,0.734,0.305,0.822,0.227,True,True,0.6374,True,False,True
RM-0011,benign_same_domain,False,0.49,0.385,0.17,0.395,0.029,True,False,0.3478,False,False,False
RM-0012,benign_same_domain,False,0.656,0.476,0.513,0.792,0.249,False,False,0.5654,False,False,False
RM-0013,benign_same_domain,False,0.729,0.475,0.101,0.782,0.227,True,False,0.5122,False,False,False
RM-0014,true_continuation,True,0.981,0.906,0.758,0.825,0.517,True,True,0.8546,False,False,False
RM-0015,ambiguous,False,0.512,0.67,0.352,0.772,0.319,True,False,0.5382,False,False,False
RM-0016,ambiguous,False,0.521,0.597,0.869,0.675,0.268,True,True,0.5981,True,False,True
RM-0017,benign_same_domain,False,0.724,0.432,0.198,0.506,0.242,True,False,0.4805,False,False,False
RM-0018,true_continuation,True,0.822,0.916,0.612,0.654,0.969,True,True,0.7979,False,False,False
RM-0019,benign_shared_template,False,0.977,0.717,0.231,0.713,0.149,True,True,0.6606,True,False,True
RM-0020,ambiguous,False,0.857,0.531,0.857,0.694,0.391,True,True,0.7093,True,False,True
RM-0021,benign_same_domain,False,0.753,0.714,0.318,0.46,0.24,False,False,0.573,False,False,False
RM-0022,benign_shared_template,False,0.854,0.399,0.375,0.492,0.194,False,False,0.5419,False,False,False
RM-0023,benign_same_domain,False,0.646,0.736,0.414,0.739,0.215,True,True,0.5958,True,False,True
RM-0024,benign_shared_template,False,0.779,0.757,0.42,0.583,0.054,True,True,0.6092,True,False,True
RM-0025,benign_same_domain,False,0.383,0.634,0.266,0.452,0.189,True,False,0.4124,False,False,False
RM-0026,true_continuation,True,0.811,0.76,0.571,0.694,0.499,True,True,0.708,False,False,False
RM-0027,benign_shared_template,False,0.825,0.617,0.394,0.409,0.105,True,False,0.5673,False,False,False
RM-0028,benign_shared_template,False,0.906,0.328,0.322,0.574,0.055,True,False,0.5306,False,False,False
RM-0029,benign_same_domain,False,0.603,0.588,0.22,0.714,0.01,True,False,0.4867,False,False,False
RM-0030,ambiguous,False,0.575,0.889,0.566,0.608,0.1,False,False,0.6059,False,False,False
RM-0031,benign_same_domain,False,0.454,0.519,0.321,0.496,0.022,True,False,0.4083,False,False,False
RM-0032,ambiguous,False,0.889,0.485,0.312,0.65,0.292,True,True,0.595,True,False,True
RM-0033,benign_same_domain,False,0.735,0.369,0.171,0.756,0.205,True,False,0.4956,False,False,False
RM-0034,ambiguous,False,0.688,0.669,0.869,0.458,0.248,True,True,0.6398,True,False,True
RM-0035,benign_shared_template,False,0.985,0.382,0.227,0.644,0.141,True,False,0.5717,False,False,False
RM-0036,benign_same_domain,False,0.501,0.728,0.141,0.628,0.193,True,False,0.4777,False,False,False
RM-0037,benign_same_domain,False,0.818,0.288,0.556,0.312,0.171,True,False,0.5081,False,False,False
RM-0038,ambiguous,False,0.585,0.759,0.321,0.565,0.347,True,False,0.5526,False,False,False
RM-0039,ambiguous,False,0.803,0.752,0.373,0.744,0.153,True,True,0.6401,True,False,True
RM-0040,benign_same_domain,False,0.507,0.579,0.177,0.565,0.221,False,False,0.4444,False,False,False
RM-0041,ambiguous,False,0.644,0.717,0.695,0.603,0.25,True,True,0.6256,True,False,True
RM-0042,benign_same_domain,False,0.622,0.442,0.73,0.566,0.129,True,False,0.5411,False,False,False
RM-0043,benign_same_domain,False,0.742,0.543,0.239,0.725,0.209,True,False,0.548,False,False,False
RM-0044,ambiguous,False,0.83,0.785,0.522,0.412,0.321,True,True,0.6543,True,False,True
RM-0045,ambiguous,False,0.615,0.549,0.302,0.477,0.31,False,False,0.493,False,False,False
RM-0046,ambiguous,False,0.62,0.576,0.849,0.887,0.277,True,True,0.6537,True,False,True
RM-0047,true_continuation,True,0.707,0.808,0.608,0.716,0.521,False,False,0.6961,False,True,True
RM-0048,true_continuation,True,0.966,0.842,0.628,0.711,0.452,True,True,0.7883,False,False,False
RM-0049,benign_same_domain,False,0.761,0.602,0.255,0.432,0.045,True,False,0.5141,False,False,False
RM-0050,ambiguous,False,0.796,0.502,0.591,0.588,0.443,False,False,0.6241,False,False,False
RM-0051,ambiguous,False,0.68,0.526,0.45,0.513,0.269,True,False,0.5372,False,False,False
RM-0052,true_continuation,True,1.0,0.842,0.796,0.706,0.736,False,False,0.8578,False,True,True
RM-0053,benign_shared_template,False,0.744,0.634,0.457,0.355,0.076,True,False,0.5447,False,False,False
RM-0054,ambiguous,False,0.576,0.678,0.312,0.811,0.386,True,False,0.5669,False,False,False
RM-0055,ambiguous,False,0.836,0.894,0.803,0.596,0.127,True,True,0.7395,True,False,True
RM-0056,benign_same_domain,False,0.815,0.665,0.202,0.538,0.09,True,False,0.5574,False,False,False
RM-0057,true_continuation,True,0.625,0.626,0.985,0.899,0.605,True,True,0.7264,False,False,False
RM-0058,ambiguous,False,0.845,0.835,0.344,0.669,0.386,False,False,0.6819,False,False,False
RM-0059,benign_same_domain,False,0.694,0.353,0.248,0.381,0.222,True,False,0.4409,False,False,False
RM-0060,ambiguous,False,0.773,0.625,0.825,0.72,0.306,True,True,0.6927,True,False,True
RM-0061,true_continuation,True,0.808,0.736,0.811,0.871,0.668,True,True,0.7861,False,False,False
RM-0062,ambiguous,False,0.886,0.791,0.278,0.621,0.364,True,True,0.6645,True,False,True
RM-0063,benign_same_domain,False,0.591,0.489,0.336,0.647,0.176,True,False,0.487,False,False,False
RM-0064,ambiguous,False,0.799,0.875,0.86,0.62,0.115,True,True,0.7348,True,False,True
RM-0065,true_continuation,True,0.616,0.706,0.909,0.933,0.963,True,True,0.7694,False,False,False
RM-0066,benign_same_domain,False,0.675,0.51,0.761,0.352,0.173,False,False,0.5555,False,False,False
RM-0067,ambiguous,False,0.629,0.825,0.442,0.512,0.063,False,False,0.5694,False,False,False
RM-0068,benign_same_domain,False,0.848,0.66,0.211,0.401,0.139,True,False,0.5547,False,False,False
RM-0069,benign_same_domain,False,0.693,0.388,0.352,0.615,0.137,True,False,0.4919,False,False,False
RM-0070,ambiguous,False,0.616,0.577,0.391,0.745,0.278,True,False,0.5504,False,False,False
RM-0071,benign_shared_template,False,0.959,0.545,0.596,0.762,0.113,True,True,0.6821,True,False,True
RM-0072,ambiguous,False,0.727,0.513,0.525,0.465,0.352,True,False,0.5651,False,False,False
RM-0073,benign_shared_template,False,0.713,0.348,0.462,0.707,0.117,True,False,0.5198,False,False,False
RM-0074,true_continuation,True,0.884,0.652,0.519,0.637,0.643,True,True,0.7039,False,False,False
RM-0075,ambiguous,False,0.776,0.509,0.747,0.897,0.122,True,True,0.6582,True,False,True
RM-0076,benign_shared_template,False,0.753,0.598,0.649,0.835,0.114,True,True,0.6447,True,False,True
RM-0077,benign_same_domain,False,0.66,0.405,0.3,0.667,0.029,False,False,0.4719,False,False,False
RM-0078,benign_same_domain,False,0.52,0.602,0.58,0.307,0.008,False,False,0.4695,False,False,False
RM-0079,benign_same_domain,False,0.847,0.271,0.473,0.782,0.116,True,False,0.5592,False,False,False
RM-0080,true_continuation,True,0.68,0.628,0.922,0.605,0.88,True,True,0.7206,False,False,False
RM-0081,benign_shared_template,False,0.905,0.513,0.662,0.831,0.173,True,True,0.6836,True,False,True
RM-0082,true_continuation,True,0.997,0.982,0.758,0.823,0.556,True,True,0.8819,False,False,False
RM-0083,benign_same_domain,False,0.362,0.725,0.58,0.727,0.015,False,False,0.5048,False,False,False
RM-0084,benign_shared_template,False,0.807,0.8,0.172,0.544,0.098,True,True,0.5833,True,False,True
RM-0085,true_continuation,True,0.661,0.604,0.869,0.598,0.811,True,True,0.6909,False,False,False
RM-0086,ambiguous,False,0.856,0.506,0.336,0.461,0.305,False,False,0.568,False,False,False
RM-0087,benign_shared_template,False,1.0,0.646,0.584,0.798,0.116,False,False,0.7235,False,False,False
RM-0088,true_continuation,True,0.659,0.749,0.803,0.644,0.839,True,True,0.7224,False,False,False
RM-0089,benign_same_domain,False,0.593,0.51,0.575,0.388,0.113,True,False,0.4931,False,False,False
RM-0090,true_continuation,True,0.923,0.783,0.759,0.798,0.496,True,True,0.7997,False,False,False
RM-0091,true_continuation,True,0.607,0.893,0.892,0.976,0.746,True,True,0.7925,False,False,False
RM-0092,ambiguous,False,0.702,0.59,0.511,0.512,0.428,True,True,0.5867,True,False,True
RM-0093,benign_shared_template,False,0.962,0.481,0.195,0.546,0.086,False,False,0.5627,False,False,False
RM-0094,true_continuation,True,0.989,0.711,0.821,0.949,0.802,False,False,0.8677,False,True,True
RM-0095,benign_shared_template,False,0.824,0.616,0.595,0.563,0.083,True,True,0.6222,True,False,True
RM-0096,ambiguous,False,0.595,0.506,0.853,0.601,0.446,True,True,0.606,True,False,True
RM-0097,true_continuation,True,0.75,0.865,0.472,0.561,0.451,True,True,0.6712,False,False,False
RM-0098,benign_shared_template,False,0.847,0.725,0.321,0.57,0.021,True,True,0.6017,True,False,True
RM-0099,benign_shared_template,False,0.915,0.694,0.264,0.498,0.133,True,True,0.6082,True,False,True
RM-0100,benign_same_domain,False,0.474,0.283,0.24,0.599,0.25,False,False,0.3811,False,False,False
RM-0101,true_continuation,True,0.694,0.93,0.869,0.651,0.983,False,False,0.805,False,True,True
RM-0102,true_continuation,True,0.632,0.624,0.892,0.911,0.602,True,True,0.7129,False,False,False
RM-0103,benign_same_domain,False,0.38,0.399,0.702,0.345,0.198,True,False,0.4194,False,False,False
RM-0104,benign_same_domain,False,0.775,0.719,0.137,0.643,0.087,True,False,0.5594,False,False,False
RM-0105,benign_same_domain,False,0.448,0.707,0.164,0.695,0.039,True,False,0.4527,False,False,False
RM-0106,ambiguous,False,0.653,0.817,0.721,0.478,0.29,False,False,0.6438,False,False,False
RM-0107,benign_shared_template,False,0.815,0.746,0.174,0.464,0.01,False,False,0.5534,False,False,False
RM-0108,benign_shared_template,False,0.837,0.46,0.393,0.608,0.077,True,False,0.5585,False,False,False
RM-0109,benign_same_domain,False,0.599,0.414,0.553,0.448,0.099,False,False,0.4752,False,False,False
RM-0110,benign_same_domain,False,0.465,0.412,0.794,0.498,0.218,True,False,0.4914,False,False,False
RM-0111,ambiguous,False,0.561,0.796,0.405,0.83,0.083,False,False,0.5792,False,False,False
RM-0112,ambiguous,False,0.816,0.621,0.267,0.79,0.425,True,True,0.6276,True,False,True
RM-0113,benign_same_domain,False,0.639,0.618,0.124,0.467,0.136,True,False,0.4669,False,False,False
RM-0114,true_continuation,True,0.739,0.975,0.93,0.925,0.521,True,True,0.8343,False,False,False
RM-0115,benign_same_domain,False,0.805,0.639,0.401,0.385,0.25,True,False,0.5781,False,False,False
RM-0116,true_continuation,True,0.698,0.997,0.801,0.738,0.637,True,True,0.7878,False,False,False
RM-0117,true_continuation,True,0.722,0.623,0.471,0.643,0.468,True,True,0.6166,False,False,False
RM-0118,benign_same_domain,False,0.512,0.714,0.183,0.756,0.016,False,False,0.4858,False,False,False
RM-0119,true_continuation,True,0.899,0.894,0.519,0.684,0.503,True,True,0.7597,False,False,False
RM-0120,ambiguous,False,0.732,0.897,0.505,0.717,0.248,True,True,0.6802,True,False,True
RM-0121,ambiguous,False,0.81,0.629,0.719,0.878,0.322,False,False,0.7109,False,False,False
RM-0122,benign_same_domain,False,0.785,0.291,0.777,0.612,0.192,True,True,0.5815,True,False,True
RM-0123,benign_same_domain,False,0.736,0.674,0.168,0.44,0.091,True,False,0.5129,False,False,False
RM-0124,true_continuation,True,0.869,0.71,0.703,0.827,0.946,True,True,0.8028,False,False,False
RM-0125,benign_same_domain,False,0.394,0.639,0.777,0.538,0.234,True,False,0.5259,False,False,False
RM-0126,ambiguous,False,0.486,0.642,0.543,0.674,0.187,True,False,0.5301,False,False,False
RM-0127,benign_same_domain,False,0.393,0.481,0.402,0.749,0.116,True,False,0.4379,False,False,False
RM-0128,benign_shared_template,False,0.883,0.531,0.212,0.663,0.182,False,False,0.5768,False,False,False
RM-0129,true_continuation,True,0.891,0.75,0.799,0.689,0.605,True,True,0.7837,False,False,False
RM-0130,benign_same_domain,False,0.717,0.472,0.574,0.377,0.094,True,False,0.5226,False,False,False
RM-0131,true_continuation,True,0.717,0.75,0.887,0.799,0.931,True,True,0.7884,False,False,False
RM-0132,benign_same_domain,False,0.451,0.403,0.378,0.633,0.069,True,False,0.4136,False,False,False
RM-0133,benign_shared_template,False,0.821,0.452,0.235,0.632,0.077,True,False,0.5261,False,False,False
RM-0134,benign_same_domain,False,0.443,0.339,0.482,0.796,0.013,False,False,0.4315,False,False,False
RM-0135,benign_shared_template,False,0.822,0.44,0.233,0.69,0.09,True,False,0.5326,False,False,False
RM-0136,ambiguous,False,0.833,0.796,0.879,0.505,0.136,True,True,0.7168,True,False,True
RM-0137,ambiguous,False,0.634,0.692,0.673,0.83,0.305,True,True,0.6495,True,False,True
RM-0138,benign_same_domain,False,0.473,0.266,0.334,0.799,0.077,True,False,0.4043,False,False,False
RM-0139,benign_same_domain,False,0.675,0.322,0.198,0.352,0.043,True,False,0.396,False,False,False
RM-0140,true_continuation,True,0.702,0.702,0.819,0.808,0.587,True,True,0.7264,False,False,False
RM-0141,benign_same_domain,False,0.766,0.54,0.159,0.638,0.146,True,False,0.5226,False,False,False
RM-0142,true_continuation,True,0.726,0.618,0.886,0.84,0.632,True,True,0.7354,False,False,False
RM-0143,true_continuation,True,0.993,0.884,0.499,0.626,0.492,True,True,0.7764,False,False,False
RM-0144,benign_same_domain,False,0.377,0.48,0.664,0.309,0.113,True,False,0.4175,False,False,False
RM-0145,ambiguous,False,0.683,0.71,0.609,0.633,0.367,True,True,0.6376,True,False,True
RM-0146,ambiguous,False,0.622,0.505,0.382,0.621,0.269,True,False,0.5153,False,False,False
RM-0147,benign_shared_template,False,0.708,0.44,0.625,0.46,0.17,False,False,0.5402,False,False,False
RM-0148,true_continuation,True,0.722,0.674,0.845,0.607,0.877,True,True,0.732,False,False,False
RM-0149,benign_shared_template,False,0.781,0.379,0.213,0.602,0.156,True,False,0.4947,False,False,False
RM-0150,benign_same_domain,False,0.668,0.586,0.161,0.419,0.039,True,False,0.4593,False,False,False
RM-0151,benign_shared_template,False,0.86,0.308,0.478,0.787,0.056,True,False,0.5681,False,False,False
RM-0152,ambiguous,False,0.631,0.788,0.876,0.803,0.391,True,True,0.7129,True,False,True
RM-0153,benign_shared_template,False,0.833,0.379,0.418,0.686,0.014,True,False,0.5469,False,False,False
RM-0154,ambiguous,False,0.601,0.725,0.861,0.569,0.093,False,False,0.6223,False,False,False
RM-0155,true_continuation,True,0.67,0.717,0.781,0.596,0.524,True,True,0.6763,False,False,False
RM-0156,benign_shared_template,False,0.964,0.578,0.227,0.463,0.169,True,True,0.5891,True,False,True
RM-0157,true_continuation,True,0.631,0.656,0.627,0.638,0.508,True,True,0.625,False,False,False
RM-0158,ambiguous,False,0.801,0.712,0.71,0.582,0.19,True,True,0.6715,True,False,True
RM-0159,benign_shared_template,False,0.706,0.724,0.547,0.525,0.187,True,True,0.6045,True,False,True
RM-0160,benign_same_domain,False,0.713,0.4,0.355,0.757,0.076,True,False,0.5159,False,False,False
RM-0161,benign_same_domain,False,0.553,0.59,0.732,0.561,0.07,False,False,0.5469,False,False,False
RM-0162,ambiguous,False,0.753,0.593,0.504,0.527,0.095,True,False,0.5723,False,False,False
RM-0163,ambiguous,False,0.749,0.546,0.67,0.808,0.138,True,True,0.6332,True,False,True
RM-0164,benign_shared_template,False,0.954,0.393,0.46,0.582,0.093,False,False,0.5923,False,False,False
RM-0165,benign_same_domain,False,0.612,0.628,0.464,0.581,0.149,True,False,0.5386,False,False,False
RM-0166,benign_same_domain,False,0.758,0.337,0.42,0.571,0.051,True,False,0.4992,False,False,False
RM-0167,true_continuation,True,0.978,0.662,0.993,0.603,0.868,True,True,0.8414,False,False,False
RM-0168,ambiguous,False,0.519,0.844,0.893,0.869,0.417,True,True,0.7031,True,False,True
RM-0169,benign_same_domain,False,0.558,0.662,0.553,0.368,0.122,True,False,0.5119,False,False,False
RM-0170,benign_same_domain,False,0.501,0.275,0.297,0.715,0.197,True,False,0.4096,False,False,False
RM-0171,ambiguous,False,0.586,0.644,0.69,0.773,0.415,False,False,0.6277,False,False,False
RM-0172,benign_same_domain,False,0.366,0.412,0.411,0.565,0.089,True,False,0.3853,False,False,False
RM-0173,benign_same_domain,False,0.782,0.658,0.415,0.668,0.2,True,True,0.612,True,False,True
RM-0174,true_continuation,True,0.994,0.691,0.895,0.715,0.827,True,True,0.8477,False,False,False
RM-0175,benign_same_domain,False,0.403,0.526,0.11,0.739,0.195,True,False,0.406,False,False,False
RM-0176,benign_shared_template,False,0.823,0.398,0.521,0.468,0.024,True,False,0.537,False,False,False
RM-0177,benign_same_domain,False,0.388,0.727,0.411,0.769,0.226,True,False,0.5106,False,False,False
RM-0178,benign_shared_template,False,0.83,0.569,0.595,0.808,0.13,True,True,0.652,True,False,True
RM-0179,benign_shared_template,False,0.738,0.575,0.532,0.619,0.053,False,False,0.5766,False,False,False
RM-0180,benign_same_domain,False,0.682,0.709,0.274,0.351,0.155,True,False,0.516,False,False,False
RM-0181,benign_same_domain,False,0.817,0.672,0.353,0.45,0.096,True,False,0.5752,False,False,False
RM-0182,benign_shared_template,False,0.71,0.53,0.337,0.536,0.047,False,False,0.509,False,False,False
RM-0183,ambiguous,False,0.695,0.457,0.307,0.639,0.153,True,False,0.506,False,False,False
RM-0184,benign_shared_template,False,0.935,0.528,0.334,0.653,0.13,True,True,0.6092,True,False,True
RM-0185,ambiguous,False,0.777,0.795,0.655,0.632,0.268,True,True,0.6882,True,False,True
RM-0186,benign_shared_template,False,0.971,0.334,0.537,0.712,0.123,True,True,0.6189,True,False,True
RM-0187,ambiguous,False,0.765,0.853,0.325,0.839,0.238,False,False,0.6646,False,False,False
RM-0188,ambiguous,False,0.583,0.661,0.778,0.837,0.268,True,True,0.6409,True,False,True
RM-0189,ambiguous,False,0.818,0.813,0.496,0.591,0.336,True,True,0.6789,True,False,True
RM-0190,ambiguous,False,0.87,0.474,0.407,0.667,0.307,True,True,0.6069,True,False,True
RM-0191,benign_shared_template,False,0.702,0.637,0.131,0.805,0.195,False,False,0.5473,False,False,False
RM-0192,benign_shared_template,False,0.735,0.525,0.246,0.534,0.093,True,False,0.5042,False,False,False
RM-0193,benign_same_domain,False,0.414,0.746,0.329,0.747,0.202,True,False,0.5038,False,False,False
RM-0194,benign_same_domain,False,0.517,0.617,0.226,0.349,0.218,True,False,0.4352,False,False,False
RM-0195,ambiguous,False,0.595,0.539,0.505,0.537,0.404,True,False,0.5381,False,False,False
RM-0196,ambiguous,False,0.517,0.679,0.629,0.69,0.173,True,False,0.5659,False,False,False
RM-0197,true_continuation,True,0.906,0.797,0.613,0.882,0.451,True,True,0.7782,False,False,False
RM-0198,benign_same_domain,False,0.727,0.508,0.733,0.55,0.075,True,True,0.5855,True,False,True
RM-0199,benign_shared_template,False,0.942,0.76,0.657,0.428,0.012,True,True,0.6821,True,False,True
RM-0200,true_continuation,True,0.677,0.607,0.989,0.781,0.602,False,False,0.7234,False,True,True
RM-0201,ambiguous,False,0.608,0.621,0.642,0.644,0.183,True,False,0.5798,False,False,False
RM-0202,benign_same_domain,False,0.637,0.448,0.722,0.653,0.247,True,False,0.5702,False,False,False
RM-0203,true_continuation,True,0.74,0.926,0.686,0.69,0.453,True,True,0.7392,False,False,False
RM-0204,benign_shared_template,False,0.906,0.635,0.284,0.843,0.134,True,True,0.643,True,False,True
RM-0205,benign_same_domain,False,0.722,0.525,0.756,0.539,0.065,False,False,0.5895,False,False,False
RM-0206,true_continuation,True,0.669,0.653,0.592,0.8,0.62,True,True,0.6647,False,False,False
RM-0207,benign_same_domain,False,0.66,0.67,0.392,0.462,0.039,False,False,0.5243,False,False,False
RM-0208,ambiguous,False,0.792,0.727,0.866,0.499,0.264,True,True,0.6959,True,False,True
RM-0209,benign_shared_template,False,0.863,0.399,0.245,0.425,0.098,True,False,0.5026,False,False,False
RM-0210,ambiguous,False,0.516,0.883,0.544,0.43,0.119,True,False,0.5574,False,False,False
RM-0211,benign_shared_template,False,0.941,0.389,0.56,0.408,0.077,True,False,0.5789,False,False,False
RM-0212,true_continuation,True,0.883,0.784,0.968,0.786,0.722,True,True,0.8449,False,False,False
RM-0213,benign_shared_template,False,0.702,0.789,0.466,0.608,0.036,True,True,0.6006,True,False,True
RM-0214,ambiguous,False,0.475,0.854,0.871,0.664,0.414,False,False,0.6576,False,False,False
RM-0215,benign_shared_template,False,0.863,0.442,0.369,0.638,0.076,True,False,0.5628,False,False,False
RM-0216,ambiguous,False,0.831,0.482,0.836,0.651,0.105,True,True,0.6503,True,False,True
RM-0217,benign_same_domain,False,0.372,0.351,0.646,0.507,0.189,True,False,0.4169,False,False,False
RM-0218,benign_shared_template,False,0.803,0.354,0.143,0.507,0.108,True,False,0.4655,False,False,False
RM-0219,benign_same_domain,False,0.38,0.421,0.578,0.758,0.135,True,False,0.4539,False,False,False
RM-0220,benign_shared_template,False,0.742,0.354,0.572,0.577,0.153,True,False,0.5363,False,False,False
RM-0221,benign_shared_template,False,0.893,0.542,0.588,0.669,0.039,True,True,0.6371,True,False,True
RM-0222,true_continuation,True,0.907,0.808,0.492,0.978,0.973,True,True,0.8251,False,False,False
RM-0223,benign_shared_template,False,0.856,0.752,0.144,0.684,0.003,True,True,0.5935,True,False,True
RM-0224,benign_shared_template,False,0.933,0.342,0.137,0.603,0.181,True,False,0.5265,False,False,False
RM-0225,true_continuation,True,0.915,0.645,0.903,0.577,0.797,False,False,0.7889,False,True,True
RM-0226,true_continuation,True,0.734,0.965,0.578,0.923,0.719,False,False,0.7863,False,True,True
RM-0227,benign_shared_template,False,0.82,0.7,0.292,0.832,0.184,True,True,0.6342,True,False,True
RM-0228,benign_same_domain,False,0.482,0.299,0.245,0.518,0.106,False,False,0.3629,False,False,False
RM-0229,ambiguous,False,0.676,0.682,0.333,0.576,0.153,True,False,0.5494,False,False,False
RM-0230,benign_same_domain,False,0.439,0.268,0.788,0.598,0.102,False,False,0.4493,False,False,False
RM-0231,benign_shared_template,False,0.803,0.675,0.191,0.409,0.007,True,False,0.5274,False,False,False
RM-0232,true_continuation,True,0.861,0.653,0.741,0.63,0.929,True,True,0.7639,False,False,False
RM-0233,true_continuation,True,0.991,0.915,0.558,0.906,0.526,True,True,0.8364,False,False,False
RM-0234,benign_shared_template,False,0.984,0.785,0.33,0.709,0.067,True,True,0.6883,True,False,True
RM-0235,true_continuation,True,0.698,0.601,0.789,0.988,0.591,True,True,0.721,False,False,False
RM-0236,ambiguous,False,0.619,0.868,0.453,0.622,0.119,True,True,0.5993,True,False,True
RM-0237,benign_same_domain,False,0.663,0.729,0.14,0.352,0.058,True,False,0.4807,False,False,False
RM-0238,benign_shared_template,False,0.937,0.332,0.129,0.379,0.002,True,False,0.4747,False,False,False
RM-0239,benign_shared_template,False,0.815,0.552,0.193,0.492,0.04,True,False,0.5172,False,False,False
RM-0240,ambiguous,False,0.825,0.636,0.321,0.581,0.205,False,False,0.5928,False,False,False
RM-0241,ambiguous,False,0.558,0.712,0.673,0.802,0.169,False,False,0.6109,False,False,False
RM-0242,benign_same_domain,False,0.711,0.648,0.142,0.583,0.084,False,False,0.5128,False,False,False
RM-0243,benign_same_domain,False,0.487,0.388,0.147,0.669,0.074,True,False,0.3862,False,False,False
RM-0244,true_continuation,True,0.914,0.927,0.657,0.76,0.907,True,True,0.8486,False,False,False
RM-0245,benign_shared_template,False,0.981,0.399,0.17,0.419,0.135,True,False,0.5321,False,False,False
RM-0246,true_continuation,True,0.724,0.682,0.502,0.817,0.792,True,True,0.6938,False,False,False
RM-0247,benign_shared_template,False,0.996,0.726,0.123,0.836,0.002,True,True,0.6523,True,False,True
RM-0248,benign_shared_template,False,0.748,0.725,0.117,0.628,0.128,False,False,0.5501,False,False,False
RM-0249,true_continuation,True,0.828,0.796,0.535,0.733,0.765,True,True,0.748,False,False,False
RM-0250,true_continuation,True,0.87,0.695,0.907,0.789,0.629,True,True,0.7992,False,False,False
RM-0251,true_continuation,True,0.732,0.884,0.86,0.984,0.71,True,True,0.8246,False,False,False
RM-0252,benign_same_domain,False,0.453,0.744,0.136,0.591,0.196,False,False,0.4594,False,False,False
RM-0253,benign_same_domain,False,0.5,0.436,0.466,0.388,0.239,True,False,0.4367,False,False,False
RM-0254,ambiguous,False,0.847,0.526,0.574,0.562,0.095,True,True,0.6057,True,False,True
RM-0255,ambiguous,False,0.654,0.796,0.593,0.485,0.15,False,False,0.603,False,False,False
RM-0256,true_continuation,True,0.921,0.99,0.806,0.782,0.797,False,False,0.885,False,True,True
RM-0257,benign_shared_template,False,0.953,0.387,0.185,0.492,0.184,True,False,0.5375,False,False,False
RM-0258,true_continuation,True,0.977,0.661,0.88,0.752,0.567,True,True,0.8112,False,False,False
RM-0259,true_continuation,True,0.967,0.614,0.703,0.67,0.915,True,True,0.788,False,False,False
RM-0260,benign_shared_template,False,0.938,0.478,0.139,0.522,0.171,True,False,0.5488,False,False,False
RM-0261,benign_shared_template,False,0.901,0.675,0.489,0.563,0.015,True,True,0.6367,True,False,True
RM-0262,ambiguous,False,0.727,0.788,0.669,0.477,0.348,True,True,0.6583,True,False,True
RM-0263,ambiguous,False,0.878,0.858,0.886,0.495,0.299,True,True,0.7631,True,False,True
RM-0264,ambiguous,False,0.775,0.725,0.527,0.897,0.403,True,True,0.6982,True,False,True
RM-0265,benign_shared_template,False,0.961,0.46,0.547,0.678,0.159,True,True,0.6464,True,False,True
RM-0266,true_continuation,True,0.936,0.915,0.876,0.585,0.823,True,True,0.8597,False,False,False
RM-0267,ambiguous,False,0.65,0.819,0.632,0.506,0.374,True,True,0.6396,True,False,True
RM-0268,benign_same_domain,False,0.576,0.696,0.584,0.661,0.089,True,False,0.5694,False,False,False
RM-0269,benign_same_domain,False,0.361,0.597,0.553,0.484,0.068,True,False,0.4401,False,False,False
RM-0270,benign_shared_template,False,0.83,0.599,0.56,0.729,0.194,True,True,0.6482,True,False,True
RM-0271,benign_shared_template,False,0.946,0.56,0.344,0.561,0.132,True,True,0.6097,True,False,True
RM-0272,true_continuation,True,0.956,0.811,0.958,0.555,0.628,True,True,0.8326,False,False,False
RM-0273,true_continuation,True,0.996,0.991,0.774,0.98,0.555,True,True,0.9085,False,False,False
RM-0274,benign_shared_template,False,0.955,0.566,0.568,0.684,0.091,True,True,0.6676,True,False,True
RM-0275,ambiguous,False,0.475,0.787,0.384,0.869,0.325,True,False,0.5737,False,False,False
RM-0276,benign_same_domain,False,0.367,0.339,0.168,0.529,0.111,True,False,0.3215,False,False,False
RM-0277,ambiguous,False,0.565,0.561,0.438,0.717,0.119,True,False,0.5179,False,False,False
RM-0278,benign_same_domain,False,0.376,0.726,0.279,0.633,0.22,True,False,0.4629,False,False,False
RM-0279,true_continuation,True,0.882,0.618,0.554,0.62,0.94,True,True,0.7287,False,False,False
RM-0280,benign_shared_template,False,0.785,0.358,0.198,0.451,0.193,False,False,0.4709,False,False,False
RM-0281,ambiguous,False,0.818,0.892,0.718,0.87,0.152,True,True,0.7584,True,False,True
RM-0282,benign_shared_template,False,0.819,0.615,0.265,0.462,0.077,True,False,0.5461,False,False,False
RM-0283,true_continuation,True,0.841,0.87,0.957,0.859,0.764,True,True,0.8637,False,False,False
RM-0284,benign_same_domain,False,0.587,0.289,0.419,0.369,0.12,True,False,0.408,False,False,False
RM-0285,benign_shared_template,False,0.963,0.342,0.433,0.49,0.077,True,False,0.5637,False,False,False
RM-0286,benign_shared_template,False,0.93,0.502,0.344,0.654,0.176,False,False,0.6078,False,False,False
RM-0287,ambiguous,False,0.514,0.813,0.646,0.681,0.337,True,True,0.6152,True,False,True
RM-0288,benign_same_domain,False,0.687,0.367,0.766,0.594,0.021,True,False,0.5448,False,False,False
RM-0289,true_continuation,True,0.761,0.807,0.869,0.923,0.684,True,True,0.8065,False,False,False
RM-0290,benign_shared_template,False,0.844,0.63,0.691,0.552,0.199,True,True,0.6597,True,False,True
RM-0291,ambiguous,False,0.678,0.724,0.557,0.87,0.179,True,True,0.6442,True,False,True
RM-0292,ambiguous,False,0.685,0.846,0.779,0.886,0.118,True,True,0.712,True,False,True
RM-0293,benign_same_domain,False,0.702,0.41,0.714,0.337,0.211,False,False,0.5339,False,False,False
RM-0294,benign_same_domain,False,0.57,0.447,0.507,0.323,0.233,True,False,0.4609,False,False,False
RM-0295,ambiguous,False,0.549,0.65,0.456,0.82,0.4,True,False,0.5795,False,False,False
RM-0296,benign_shared_template,False,0.783,0.713,0.3,0.591,0.169,True,True,0.591,True,False,True
RM-0297,benign_same_domain,False,0.467,0.437,0.34,0.639,0.148,True,False,0.4291,False,False,False
RM-0298,benign_same_domain,False,0.558,0.679,0.211,0.573,0.199,True,False,0.4908,False,False,False
RM-0299,benign_same_domain,False,0.683,0.674,0.468,0.721,0.016,True,True,0.5808,True,False,True
RM-0300,benign_same_domain,False,0.643,0.639,0.603,0.541,0.156,True,False,0.5719,False,False,False
RM-0301,ambiguous,False,0.841,0.691,0.729,0.639,0.384,False,False,0.7109,False,False,False
RM-0302,true_continuation,True,0.879,0.717,0.611,0.634,0.715,True,True,0.7412,False,False,False
RM-0303,true_continuation,True,0.733,0.854,0.951,0.982,0.664,True,True,0.8292,False,False,False
RM-0304,true_continuation,True,0.972,0.706,0.526,0.993,0.653,True,True,0.7989,False,False,False
RM-0305,benign_same_domain,False,0.643,0.679,0.452,0.402,0.081,False,False,0.5273,False,False,False
RM-0306,true_continuation,True,0.871,0.786,0.991,0.578,0.589,False,False,0.803,False,True,True
RM-0307,ambiguous,False,0.861,0.812,0.726,0.753,0.238,True,True,0.7475,True,False,True
RM-0308,benign_shared_template,False,0.977,0.682,0.237,0.408,0.074,True,True,0.603,True,False,True
RM-0309,ambiguous,False,0.628,0.839,0.688,0.481,0.392,True,True,0.6453,True,False,True
RM-0310,benign_shared_template,False,0.839,0.724,0.638,0.4,0.156,True,True,0.6455,True,False,True
RM-0311,benign_shared_template,False,0.776,0.498,0.281,0.779,0.144,False,False,0.5574,False,False,False
RM-0312,ambiguous,False,0.498,0.544,0.861,0.82,0.201,True,True,0.5898,True,False,True
RM-0313,true_continuation,True,0.855,0.848,0.957,0.98,0.87,True,True,0.8907,False,False,False
RM-0314,benign_same_domain,False,0.406,0.586,0.15,0.525,0.14,True,False,0.3932,False,False,False
RM-0315,benign_shared_template,False,0.969,0.672,0.138,0.432,0.16,True,True,0.5921,True,False,True
RM-0316,benign_same_domain,False,0.373,0.676,0.35,0.459,0.13,True,False,0.4293,False,False,False
RM-0317,benign_same_domain,False,0.811,0.443,0.747,0.433,0.2,True,True,0.5971,True,False,True
RM-0318,benign_shared_template,False,0.807,0.625,0.54,0.369,0.102,True,True,0.5834,True,False,True
RM-0319,ambiguous,False,0.723,0.766,0.311,0.876,0.102,True,True,0.6185,True,False,True
RM-0320,benign_same_domain,False,0.795,0.528,0.151,0.682,0.089,True,False,0.5286,False,False,False
RM-0321,ambiguous,False,0.772,0.9,0.503,0.838,0.33,True,True,0.7193,True,False,True
RM-0322,ambiguous,False,0.467,0.624,0.586,0.771,0.211,True,False,0.5431,False,False,False
RM-0323,benign_same_domain,False,0.491,0.583,0.216,0.513,0.028,True,False,0.4204,False,False,False
RM-0324,true_continuation,True,0.641,0.681,0.761,0.893,0.865,True,True,0.7299,False,False,False
RM-0325,benign_same_domain,False,0.443,0.507,0.679,0.643,0.187,True,False,0.5032,False,False,False
RM-0326,benign_shared_template,False,0.783,0.566,0.33,0.365,0.125,True,False,0.5251,False,False,False
RM-0327,ambiguous,False,0.587,0.521,0.379,0.677,0.394,False,False,0.527,False,False,False
RM-0328,benign_same_domain,False,0.502,0.745,0.621,0.625,0.147,False,False,0.5635,False,False,False
RM-0329,true_continuation,True,0.932,0.754,0.659,0.964,0.76,True,True,0.8274,False,False,False
RM-0330,benign_shared_template,False,0.851,0.398,0.308,0.454,0.082,True,False,0.5121,False,False,False
RM-0331,ambiguous,False,0.892,0.843,0.517,0.642,0.263,True,True,0.7148,True,False,True
RM-0332,benign_same_domain,False,0.378,0.605,0.629,0.695,0.086,False,False,0.4928,False,False,False
RM-0333,benign_same_domain,False,0.835,0.564,0.486,0.345,0.185,True,False,0.5735,False,False,False
RM-0334,benign_same_domain,False,0.512,0.451,0.44,0.747,0.145,True,False,0.4806,False,False,False
RM-0335,benign_same_domain,False,0.746,0.647,0.284,0.419,0.12,True,False,0.5307,False,False,False
RM-0336,benign_same_domain,False,0.622,0.734,0.341,0.384,0.182,True,False,0.521,False,False,False
RM-0337,true_continuation,True,0.684,0.962,0.913,0.928,0.896,True,True,0.8473,False,False,False
RM-0338,benign_shared_template,False,0.873,0.481,0.685,0.355,0.116,False,False,0.5969,False,False,False
RM-0339,ambiguous,False,0.673,0.629,0.489,0.8,0.418,False,False,0.6216,False,False,False
RM-0340,benign_shared_template,False,0.732,0.719,0.4,0.709,0.183,True,True,0.611,True,False,True
RM-0341,ambiguous,False,0.87,0.522,0.581,0.828,0.401,True,True,0.6817,True,False,True
RM-0342,ambiguous,False,0.876,0.788,0.663,0.682,0.432,False,False,0.745,False,False,False
RM-0343,benign_shared_template,False,0.783,0.685,0.493,0.363,0.046,True,False,0.5748,False,False,False
RM-0344,benign_shared_template,False,0.918,0.338,0.55,0.412,0.151,True,False,0.565,False,False,False
RM-0345,ambiguous,False,0.606,0.691,0.347,0.758,0.445,True,True,0.585,True,False,True
RM-0346,benign_shared_template,False,0.909,0.57,0.285,0.835,0.145,False,False,0.6286,False,False,False
RM-0347,true_continuation,True,0.98,0.627,0.563,0.826,0.971,False,False,0.7978,False,True,True
RM-0348,benign_same_domain,False,0.448,0.559,0.741,0.725,0.239,False,False,0.5453,False,False,False
RM-0349,true_continuation,True,0.997,0.978,0.88,0.837,0.752,True,True,0.9245,False,False,False
RM-0350,true_continuation,True,0.841,0.659,0.688,0.609,0.616,True,True,0.7148,False,False,False
RM-0351,benign_shared_template,False,0.906,0.376,0.14,0.548,0.143,True,False,0.5145,False,False,False
RM-0352,benign_shared_template,False,0.788,0.551,0.265,0.662,0.089,False,False,0.5494,False,False,False
RM-0353,benign_shared_template,False,0.986,0.576,0.405,0.75,0.098,True,True,0.6612,True,False,True
RM-0354,ambiguous,False,0.61,0.541,0.678,0.807,0.304,True,True,0.6027,True,False,True
RM-0355,benign_same_domain,False,0.803,0.517,0.214,0.731,0.055,True,False,0.5435,False,False,False
RM-0356,benign_same_domain,False,0.415,0.737,0.175,0.313,0.124,True,False,0.4057,False,False,False
RM-0357,benign_same_domain,False,0.833,0.322,0.398,0.59,0.044,True,False,0.5191,False,False,False
RM-0358,true_continuation,True,0.995,0.666,0.623,0.581,0.797,True,True,0.7713,False,False,False
RM-0359,benign_same_domain,False,0.558,0.434,0.42,0.689,0.165,False,False,0.4824,False,False,False
RM-0360,ambiguous,False,0.606,0.775,0.574,0.637,0.32,False,False,0.6165,False,False,False
RM-0361,benign_shared_template,False,0.733,0.409,0.656,0.842,0.139,True,True,0.5972,True,False,True
RM-0362,ambiguous,False,0.684,0.66,0.509,0.51,0.267,True,True,0.5807,True,False,True
RM-0363,benign_same_domain,False,0.563,0.556,0.66,0.505,0.016,True,False,0.516,False,False,False
RM-0364,true_continuation,True,0.918,0.949,0.588,0.685,0.703,True,True,0.8119,False,False,False
RM-0365,benign_same_domain,False,0.504,0.539,0.389,0.425,0.227,True,False,0.4529,False,False,False
RM-0366,ambiguous,False,0.711,0.677,0.829,0.673,0.095,True,True,0.6572,True,False,True
RM-0367,benign_same_domain,False,0.455,0.491,0.286,0.402,0.2,True,False,0.4003,False,False,False
RM-0368,true_continuation,True,0.823,0.817,0.629,0.946,0.762,True,True,0.7978,False,False,False
RM-0369,ambiguous,False,0.492,0.792,0.705,0.791,0.076,True,True,0.6026,True,False,True
RM-0370,ambiguous,False,0.708,0.599,0.344,0.463,0.117,True,False,0.5229,False,False,False
RM-0371,benign_shared_template,False,0.792,0.594,0.566,0.541,0.182,False,False,0.6077,False,False,False
RM-0372,ambiguous,False,0.781,0.718,0.74,0.895,0.139,True,True,0.7103,True,False,True
RM-0373,true_continuation,True,0.672,0.699,0.705,0.645,0.997,True,True,0.7131,False,False,False
RM-0374,benign_shared_template,False,0.86,0.352,0.527,0.408,0.153,True,False,0.5442,False,False,False
RM-0375,true_continuation,True,0.999,0.913,0.847,0.681,0.541,True,True,0.8607,False,False,False
RM-0376,benign_same_domain,False,0.648,0.521,0.171,0.768,0.016,True,False,0.4853,False,False,False
RM-0377,benign_same_domain,False,0.578,0.4,0.747,0.39,0.025,True,False,0.4841,False,False,False
RM-0378,benign_shared_template,False,0.961,0.503,0.516,0.829,0.179,False,False,0.6743,False,False,False
RM-0379,benign_shared_template,False,0.9,0.66,0.386,0.355,0.133,False,False,0.5969,False,False,False
RM-0380,true_continuation,True,0.834,0.85,0.537,0.625,0.574,True,True,0.7291,False,False,False
RM-0381,ambiguous,False,0.801,0.623,0.451,0.747,0.393,True,True,0.6469,True,False,True
RM-0382,benign_same_domain,False,0.695,0.369,0.247,0.529,0.098,False,False,0.4532,False,False,False
RM-0383,benign_same_domain,False,0.756,0.59,0.79,0.632,0.078,True,True,0.6371,True,False,True
RM-0384,ambiguous,False,0.877,0.517,0.457,0.889,0.408,True,True,0.6698,True,False,True
RM-0385,true_continuation,True,0.833,0.635,0.993,0.769,0.765,True,True,0.7985,False,False,False
RM-0386,benign_same_domain,False,0.737,0.368,0.418,0.664,0.196,True,False,0.5267,False,False,False
RM-0387,ambiguous,False,0.786,0.722,0.594,0.709,0.138,True,True,0.6605,True,False,True
RM-0388,benign_same_domain,False,0.805,0.498,0.158,0.754,0.229,True,False,0.5501,False,False,False
RM-0389,ambiguous,False,0.581,0.846,0.85,0.713,0.187,True,True,0.6721,True,False,True
RM-0390,true_continuation,True,0.623,0.743,0.778,0.664,0.986,False,False,0.7217,False,True,True
RM-0391,ambiguous,False,0.86,0.76,0.865,0.793,0.341,True,True,0.7756,True,False,True
RM-0392,benign_same_domain,False,0.847,0.606,0.542,0.653,0.032,False,False,0.6256,False,False,False
RM-0393,benign_same_domain,False,0.717,0.588,0.709,0.733,0.205,True,True,0.6356,True,False,True
RM-0394,benign_shared_template,False,0.931,0.505,0.449,0.469,0.005,True,True,0.5847,True,False,True
RM-0395,benign_same_domain,False,0.669,0.351,0.342,0.576,0.004,False,False,0.4543,False,False,False
RM-0396,ambiguous,False,0.745,0.801,0.573,0.724,0.258,True,True,0.6758,True,False,True
RM-0397,benign_same_domain,False,0.7,0.667,0.782,0.73,0.128,False,False,0.6538,False,False,False
RM-0398,benign_same_domain,False,0.425,0.563,0.369,0.761,0.024,True,False,0.455,False,False,False
RM-0399,true_continuation,True,0.704,0.968,0.629,0.594,0.529,True,True,0.721,False,False,False
RM-0400,benign_same_domain,False,0.751,0.656,0.8,0.785,0.228,True,True,0.6895,True,False,True
RM-0401,benign_same_domain,False,0.761,0.742,0.541,0.46,0.059,True,True,0.6045,True,False,True
RM-0402,benign_shared_template,False,0.741,0.767,0.557,0.561,0.194,True,True,0.6342,True,False,True
RM-0403,true_continuation,True,0.949,0.617,0.9,0.828,0.509,True,True,0.7996,False,False,False
RM-0404,benign_shared_template,False,0.846,0.572,0.463,0.687,0.184,False,False,0.6228,False,False,False
RM-0405,benign_shared_template,False,0.878,0.335,0.402,0.814,0.144,False,False,0.5796,False,False,False
RM-0406,ambiguous,False,0.538,0.623,0.403,0.561,0.367,True,False,0.5202,False,False,False
RM-0407,benign_shared_template,False,0.721,0.746,0.222,0.405,0.054,True,False,0.5262,False,False,False
RM-0408,ambiguous,False,0.769,0.881,0.591,0.866,0.052,True,True,0.7057,True,False,True
RM-0409,benign_same_domain,False,0.595,0.522,0.259,0.634,0.188,True,False,0.4818,False,False,False
RM-0410,benign_same_domain,False,0.57,0.567,0.315,0.679,0.249,True,False,0.5065,False,False,False
RM-0411,true_continuation,True,0.627,0.898,0.77,0.695,0.837,True,True,0.7483,False,False,False
RM-0412,ambiguous,False,0.645,0.692,0.289,0.634,0.103,True,False,0.5365,False,False,False
RM-0413,benign_shared_template,False,0.772,0.582,0.346,0.609,0.179,True,False,0.5676,False,False,False
RM-0414,true_continuation,True,0.772,0.841,0.613,0.594,0.497,True,True,0.7075,False,False,False
RM-0415,true_continuation,True,0.859,0.807,0.871,0.592,0.949,True,True,0.8203,False,False,False
RM-0416,benign_same_domain,False,0.818,0.73,0.415,0.542,0.014,True,True,0.6053,True,False,True
RM-0417,benign_shared_template,False,0.974,0.747,0.244,0.623,0.126,True,True,0.6542,True,False,True
RM-0418,true_continuation,True,0.94,0.953,0.896,0.862,0.617,True,True,0.892,False,False,False
RM-0419,true_continuation,True,0.66,0.755,0.716,0.661,0.824,True,True,0.7094,False,False,False
RM-0420,true_continuation,True,0.779,0.933,0.751,0.687,0.654,True,True,0.7855,False,False,False
RM-0421,benign_shared_template,False,0.933,0.361,0.56,0.579,0.045,True,True,0.5902,True,False,True
RM-0422,ambiguous,False,0.568,0.668,0.472,0.666,0.439,True,False,0.5755,False,False,False
RM-0423,ambiguous,False,0.681,0.462,0.263,0.612,0.268,True,False,0.5022,False,False,False
RM-0424,benign_shared_template,False,0.959,0.734,0.682,0.801,0.091,True,True,0.7462,True,False,True
RM-0425,true_continuation,True,0.946,0.738,0.47,0.889,0.507,True,True,0.7585,False,False,False
RM-0426,ambiguous,False,0.778,0.726,0.704,0.532,0.196,False,False,0.6596,False,False,False
RM-0427,benign_same_domain,False,0.684,0.424,0.197,0.798,0.161,True,False,0.4976,False,False,False
RM-0428,true_continuation,True,0.982,0.738,0.713,0.758,0.629,True,True,0.8084,False,False,False
RM-0429,benign_shared_template,False,0.842,0.301,0.463,0.639,0.115,True,False,0.5428,False,False,False
RM-0430,benign_shared_template,False,0.92,0.309,0.683,0.6,0.197,True,True,0.6136,True,False,True
RM-0431,benign_same_domain,False,0.46,0.659,0.271,0.453,0.075,False,False,0.4343,False,False,False
RM-0432,benign_shared_template,False,0.764,0.455,0.53,0.474,0.012,True,False,0.5319,False,False,False
RM-0433,benign_shared_template,False,0.737,0.627,0.329,0.46,0.18,True,False,0.5427,False,False,False
RM-0434,benign_shared_template,False,0.702,0.671,0.665,0.497,0.188,True,True,0.6078,True,False,True
RM-0435,benign_same_domain,False,0.601,0.596,0.243,0.69,0.221,False,False,0.5098,False,False,False
RM-0436,benign_shared_template,False,0.719,0.64,0.285,0.657,0.022,True,False,0.5435,False,False,False
RM-0437,true_continuation,True,0.604,0.667,0.706,0.769,0.655,True,True,0.6657,False,False,False
RM-0438,ambiguous,False,0.473,0.625,0.569,0.566,0.105,True,False,0.503,False,False,False
RM-0439,ambiguous,False,0.63,0.508,0.448,0.807,0.415,True,False,0.5712,False,False,False
RM-0440,ambiguous,False,0.795,0.564,0.316,0.579,0.341,False,False,0.5777,False,False,False
RM-0441,true_continuation,True,0.653,0.921,0.628,0.894,0.848,True,True,0.7661,False,False,False
RM-0442,true_continuation,True,0.769,0.946,0.54,0.856,0.521,True,True,0.7576,False,False,False
RM-0443,benign_shared_template,False,0.856,0.608,0.298,0.665,0.182,False,False,0.6019,False,False,False
RM-0444,benign_shared_template,False,0.971,0.734,0.295,0.412,0.111,True,True,0.6282,True,False,True
RM-0445,ambiguous,False,0.772,0.551,0.342,0.698,0.119,True,False,0.5659,False,False,False
RM-0446,true_continuation,True,0.977,0.751,0.509,0.56,0.733,True,True,0.7557,False,False,False
RM-0447,benign_same_domain,False,0.551,0.262,0.254,0.465,0.201,True,False,0.3811,False,False,False
RM-0448,benign_shared_template,False,0.828,0.693,0.293,0.652,0.093,True,True,0.6012,True,False,True
RM-0449,benign_same_domain,False,0.838,0.631,0.762,0.582,0.135,True,True,0.6685,True,False,True
RM-0450,benign_same_domain,False,0.361,0.406,0.19,0.637,0.214,True,False,0.365,False,False,False
RM-0451,benign_same_domain,False,0.526,0.544,0.425,0.564,0.202,True,False,0.4851,False,False,False
RM-0452,true_continuation,True,0.8,0.642,0.948,0.556,0.882,True,True,0.7628,False,False,False
RM-0453,true_continuation,True,0.661,0.866,0.922,0.844,0.844,False,False,0.8011,False,True,True
RM-0454,benign_same_domain,False,0.743,0.644,0.255,0.727,0.029,False,False,0.5578,False,False,False
RM-0455,benign_same_domain,False,0.748,0.669,0.247,0.566,0.078,True,False,0.5464,False,False,False
RM-0456,benign_same_domain,False,0.58,0.52,0.599,0.58,0.247,True,False,0.5357,False,False,False
RM-0457,true_continuation,True,0.867,0.637,0.523,0.575,0.926,False,False,0.7149,False,True,True
RM-0458,ambiguous,False,0.608,0.637,0.592,0.408,0.442,True,False,0.5675,False,False,False
RM-0459,ambiguous,False,0.456,0.615,0.266,0.652,0.104,False,False,0.4522,False,False,False
RM-0460,true_continuation,True,0.694,0.602,0.777,0.614,0.942,True,True,0.7005,False,False,False
RM-0461,benign_same_domain,False,0.469,0.657,0.779,0.764,0.106,True,False,0.5749,False,False,False
RM-0462,true_continuation,True,0.736,0.995,0.953,0.554,0.642,False,False,0.8023,False,True,True
RM-0463,benign_same_domain,False,0.457,0.598,0.529,0.35,0.103,True,False,0.4534,False,False,False
RM-0464,ambiguous,False,0.451,0.713,0.712,0.648,0.428,True,True,0.5861,True,False,True
RM-0465,benign_shared_template,False,0.809,0.36,0.132,0.413,0.087,True,False,0.4517,False,False,False
RM-0466,benign_shared_template,False,0.803,0.647,0.308,0.478,0.035,True,False,0.5542,False,False,False
RM-0467,benign_same_domain,False,0.374,0.393,0.535,0.338,0.161,True,False,0.3812,False,False,False
RM-0468,ambiguous,False,0.568,0.581,0.472,0.595,0.248,True,False,0.5256,False,False,False
RM-0469,benign_same_domain,False,0.696,0.579,0.155,0.448,0.107,False,False,0.4769,False,False,False
RM-0470,benign_same_domain,False,0.569,0.383,0.625,0.667,0.192,True,False,0.5105,False,False,False
RM-0471,benign_shared_template,False,0.829,0.484,0.531,0.724,0.012,True,True,0.5962,True,False,True
RM-0472,ambiguous,False,0.566,0.864,0.285,0.607,0.308,True,False,0.5669,False,False,False
RM-0473,benign_same_domain,False,0.678,0.336,0.19,0.635,0.144,True,False,0.4487,False,False,False
RM-0474,true_continuation,True,0.704,0.656,0.92,0.875,0.955,True,True,0.7804,False,False,False
RM-0475,ambiguous,False,0.85,0.564,0.578,0.472,0.347,True,True,0.6292,True,False,True
RM-0476,benign_same_domain,False,0.48,0.362,0.603,0.302,0.054,False,False,0.4063,False,False,False
RM-0477,benign_same_domain,False,0.483,0.663,0.402,0.796,0.225,False,False,0.5296,False,False,False
RM-0478,benign_same_domain,False,0.739,0.581,0.365,0.502,0.162,True,False,0.5429,False,False,False
RM-0479,benign_shared_template,False,0.981,0.328,0.251,0.845,0.182,True,True,0.5939,True,False,True
RM-0480,ambiguous,False,0.508,0.635,0.6,0.491,0.191,True,False,0.521,False,False,False
RM-0481,benign_shared_template,False,0.705,0.378,0.395,0.686,0.098,True,False,0.5074,False,False,False
RM-0482,ambiguous,False,0.825,0.747,0.634,0.507,0.185,True,True,0.6634,True,False,True
RM-0483,ambiguous,False,0.733,0.695,0.304,0.639,0.162,False,False,0.5764,False,False,False
RM-0484,benign_shared_template,False,0.755,0.384,0.153,0.622,0.018,True,False,0.4653,False,False,False
RM-0485,true_continuation,True,0.696,0.851,0.808,0.771,0.745,True,True,0.7688,False,False,False
RM-0486,ambiguous,False,0.846,0.606,0.455,0.425,0.215,True,True,0.596,True,False,True
RM-0487,benign_same_domain,False,0.834,0.309,0.758,0.659,0.218,False,False,0.6082,False,False,False
RM-0488,true_continuation,True,0.689,0.991,0.973,0.803,0.934,True,True,0.8531,False,False,False
RM-0489,benign_same_domain,False,0.797,0.339,0.375,0.34,0.082,False,False,0.4756,False,False,False
RM-0490,benign_shared_template,False,0.971,0.419,0.263,0.484,0.183,True,False,0.5641,False,False,False
RM-0491,ambiguous,False,0.761,0.637,0.423,0.548,0.407,True,True,0.6052,True,False,True
RM-0492,benign_same_domain,False,0.465,0.714,0.539,0.78,0.234,True,False,0.5591,False,False,False
RM-0493,ambiguous,False,0.463,0.633,0.716,0.888,0.151,True,False,0.5776,False,False,False
RM-0494,ambiguous,False,0.824,0.544,0.836,0.75,0.242,True,True,0.6904,True,False,True
RM-0495,ambiguous,False,0.838,0.659,0.685,0.868,0.176,True,True,0.7055,True,False,True
RM-0496,ambiguous,False,0.63,0.583,0.498,0.456,0.109,False,False,0.5185,False,False,False
RM-0497,true_continuation,True,0.99,0.919,0.837,0.734,0.692,False,False,0.8798,False,True,True
RM-0498,benign_shared_template,False,0.749,0.543,0.683,0.601,0.078,True,True,0.5999,True,False,True
RM-0499,benign_shared_template,False,0.975,0.535,0.362,0.767,0.191,False,False,0.6515,False,False,False
RM-0500,ambiguous,False,0.451,0.514,0.728,0.705,0.198,True,False,0.5262,False,False,False
